{
    "web": {
        "client_id": "451052209587-0duqh3mso99qkhkqt0gpbpusd9d20ufe.apps.googleusercontent.com",
        "project_id": "polosoft-359211",
        "auth_uri": "https://accounts.google.com/o/oauth2/auth",
        "token_uri": "https://oauth2.googleapis.com/token",
        "auth_provider_x509_cert_url": "https://www.googleapis.com/oauth2/v1/certs",
        "client_secret": "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",
        "redirect_uris": [
            "https://www.polosoftech.com/staging/google-meet/"
        ],
        "javascript_origins": [
            "https://www.polosoftech.com"
        ]
    }
}